PLAYERID,PLAYER,SALARY,OPP,POS,TEAM,SCHEDULE_ID,PARTNERID,PA,1B,2B,3B,HR,RBI,R,SB,BB,IP,BBSP,K,W,ER,HA,HBP,QS,UNDERDOG,PRIZEPICKS,H,PARK,BASES,OUTS,BATK,HRRBI,PC,REFID,FPTS,FPTS/$,FLOOR,CEIL,POWN,SMASH,TOPVAL,TEAMOWN,DIFFERENCE,LEV,OWNERSHIP,RGID
37543,Alex Verdugo,3200,TBR,OF,BOS,92822,79160,4.48,0.7,0.2,0.04,0.07,0.5,0.54,0.011,0.37,0,0,0,0,0,0,0,0,7.54,6.98,1.01,BOS,1.5,0,0.7617,2.05,,28,9.14,2.86,2.21,24.92,1.94,0.0272,0.0206,0.0179,0.0093,5.7,,37543
37377,Rafael Devers,3600,TBR,3B,BOS,92822,68585,4.34,0.53,0.21,0.02,0.18,0.53,0.56,0.01,0.35,0,0,0,0,0,0,0,0,7.98,7.44,0.94,BOS,1.73,0,1.0048,2.03,,29,9.84,2.73,1.59,27.98,2.41,0.0272,0.0206,0.0179,0.0093,5.7,,37377
11113,Justin Turner,2700,TBR,1B/3B,BOS,92822,6312,4.23,0.62,0.18,0,0.13,0.48,0.52,0.008,0.43,0,0,0,0,0,0,0,0,7.6,6.99,0.93,BOS,1.5,0,0.7214,1.93,,30,9.23,3.42,2.34,25.33,3.19,0.0272,0.0206,0.0179,0.0093,5.7,,11113
4504237,Masataka Yoshida,3600,TBR,OF,BOS,92822,181987,4.17,0.61,0.17,0.05,0.11,0.49,0.55,0.013,0.43,0,0,0,0,0,0,0,0,7.82,7.23,0.94,BOS,1.54,0,0.6298,1.98,,31,9.52,2.64,2.58,24.87,1.36,0.0272,0.0206,0.0179,0.0093,5.7,,4504237
2044739,Jarren Duran,3000,TBR,OF,BOS,92822,119311,4.02,0.48,0.19,0.09,0.06,0.48,0.46,0.044,0.29,0,0,0,0,0,0,0,0,6.83,6.39,0.82,BOS,1.37,0,1.3513,1.76,,32,8.4,2.8,1.22,23.54,9.2,0.0272,0.0206,0.0179,0.0093,5.7,,2044739
18007,Enrique Hernandez,2700,TBR,2B/SS/OF,BOS,92822,13792,4.01,0.48,0.19,0.02,0.1,0.47,0.46,0.006,0.41,0,0,0,0,0,0,0,0,6.9,6.3,0.79,BOS,1.32,0,0.7753,1.72,,33,8.39,3.11,1.6,23.13,1.62,0.0272,0.0206,0.0179,0.0093,5.7,,18007
3772857,Triston Casas,2400,TBR,1B,BOS,92822,102303,3.9,0.36,0.09,0,0.13,0.42,0.4,0.003,0.57,0,0,0,0,0,0,0,0,6.29,5.63,0.58,BOS,1.06,0,1.1064,1.4,,34,7.66,3.19,0.77,22.59,1.09,0.0272,0.0206,0.0179,0.0093,5.7,,3772857
2038622,Connor Wong,2600,TBR,C,BOS,92822,102504,3.61,0.4,0.2,0.04,0.14,0.45,0.41,0.021,0.27,0,0,0,0,0,0,0,0,6.68,6.24,0.78,BOS,1.48,0,0.9902,1.64,,35,8.22,3.16,1.41,21.83,0.73,0.0272,0.0206,0.0179,0.0093,5.7,,2038622
4061011,Enmanuel Valdez,2500,TBR,3B,BOS,92822,181642,3.59,0.43,0.14,0,0.08,0.39,0.31,0.016,0.25,0,0,0,0,0,0,0,0,5.12,4.75,0.65,BOS,1.03,0,0.971,1.35,,36,6.26,2.5,0.56,20.24,0.97,0.0272,0.0206,0.0179,0.0093,5.7,,4061011
35086,Tim Anderson,3000,DET,SS,CHW,92827,60672,4.56,0.9,0.2,0.01,0.1,0.56,0.61,0.044,0.24,0,0,0,0,0,0,0,0,8.23,7.83,1.21,CHW,1.73,0,0.8471,2.38,,46,10.1,3.37,3.05,26.54,6.24,0.0406,0.0246,0.0469,-0.0063,4.3,,35086
2440835,Jake Burger,3300,DET,3B,CHW,92827,82570,4.41,0.52,0.16,0.02,0.19,0.59,0.56,0.011,0.31,0,0,0,0,0,0,0,0,7.85,7.39,0.89,CHW,1.66,0,1.0503,2.04,,47,9.82,2.98,1.17,29.1,3.71,0.0406,0.0246,0.0469,-0.0063,4.3,,2440835
1558724,Luis Robert,3500,DET,OF,CHW,92827,82734,4.32,0.7,0.23,0.01,0.22,0.61,0.67,0.036,0.32,0,0,0,0,0,0,0,0,9.41,8.89,1.16,CHW,2.07,0,0.9344,2.44,,48,11.64,3.33,3.32,30.23,8.83,0.0406,0.0246,0.0469,-0.0063,4.3,,1558724
37999,Eloy Jimenez,3400,DET,OF,CHW,92827,79093,4.19,0.62,0.15,0,0.19,0.55,0.61,0.009,0.44,0,0,0,0,0,0,0,0,8.42,7.84,0.96,CHW,1.68,0,0.9148,2.12,,49,10.4,3.06,2.64,27.49,5,0.0406,0.0246,0.0469,-0.0063,4.3,,37999
2038711,Andrew Vaughn,3300,DET,1B,CHW,92827,119495,4.11,0.56,0.2,0,0.14,0.54,0.56,0.003,0.44,0,0,0,0,0,0,0,0,7.84,7.2,0.9,CHW,1.52,0,0.742,2,,50,9.6,2.91,2.53,25.62,1.96,0.0406,0.0246,0.0469,-0.0063,4.3,,2038711
13483,Yasmani Grandal,2700,DET,C,CHW,92827,13303,4.07,0.49,0.11,0,0.16,0.5,0.55,0.006,0.76,0,0,0,0,0,0,0,0,8.07,7.21,0.76,CHW,1.35,0,0.8448,1.81,,51,9.81,3.63,2.71,27.11,4.24,0.0406,0.0246,0.0469,-0.0063,4.3,,13483
37235,Clint Frazier,2200,DET,OF,CHW,92827,52150,3.7,0.39,0.13,0.01,0.07,0.44,0.4,0.017,0.63,0,0,0,0,0,0,0,0,6.42,5.67,0.6,CHW,0.96,0,1.0043,1.44,,52,7.75,3.52,2.25,20.31,2.42,0.0406,0.0246,0.0469,-0.0063,4.3,,37235
3063544,Romy Gonzalez,2900,DET,2B/OF,CHW,92827,161418,3.73,0.49,0.17,0.03,0.11,0.49,0.39,0.015,0.18,0,0,0,0,0,0,0,0,6.18,5.85,0.8,CHW,1.36,0,1.1532,1.68,,53,7.67,2.64,0.97,22.41,1.73,0.0406,0.0246,0.0469,-0.0063,4.3,,3063544
10476,Elvis Andrus,2500,DET,SS/2B,CHW,92827,5359,3.74,0.55,0.15,0.01,0.09,0.46,0.39,0.034,0.31,0,0,0,0,0,0,0,0,6.21,5.79,0.8,CHW,1.24,0,0.6053,1.65,,54,7.61,3.04,2.03,20.86,2.43,0.0406,0.0246,0.0469,-0.0063,4.3,,10476
498052,Kevin Newman,2900,MIL,SS,CIN,92824,79218,4.71,0.81,0.23,0.01,0.04,0.6,0.6,0.059,0.31,0,0,0,0,0,0,0,0,7.88,7.39,1.09,CIN,1.46,0,0.5219,2.29,,55,9.7,3.34,2.67,24.83,5.29,0.0173,0.0089,0.0597,-0.0424,1,,498052
4738878,Matt McLain,3300,MIL,SS,CIN,92824,165507,4.52,0.55,0.18,0.01,0.07,0.57,0.57,0.053,0.59,0,0,0,0,0,0,0,0,7.81,7.09,0.81,CIN,1.22,0,1.0447,1.95,,56,9.6,2.91,2.64,25.8,2.7,0.0173,0.0089,0.0597,-0.0424,1,,4738878
2039490,Jonathan India,3400,MIL,2B,CIN,92824,102308,4.4,0.65,0.23,0.01,0.09,0.6,0.64,0.067,0.6,0,0,0,0,0,0,0,0,8.96,8.19,0.98,CIN,1.5,0,0.8289,2.22,,57,10.96,3.22,4,27.79,10.35,0.0173,0.0089,0.0597,-0.0424,1,,2039490
1232642,Jake Fraley,3200,MIL,OF,CIN,92824,102591,4.28,0.64,0.21,0,0.11,0.58,0.68,0.145,0.65,0,0,0,0,0,0,0,0,9.31,8.6,0.96,CIN,1.5,0,0.7975,2.22,,58,11.51,3.6,4.25,28.56,8.43,0.0173,0.0089,0.0597,-0.0424,1,,1232642
3769530,Spencer Steer,3400,MIL,3B,CIN,92824,179272,4.29,0.6,0.27,0.02,0.09,0.61,0.63,0.019,0.48,0,0,0,0,0,0,0,0,8.45,7.72,0.98,CIN,1.56,0,0.8224,2.22,,59,10.36,3.05,3.25,27.28,3.72,0.0173,0.0089,0.0597,-0.0424,1,,3769530
1452544,Tyler Stephenson,2600,MIL,C,CIN,92824,79110,4.1,0.69,0.22,0,0.07,0.54,0.57,0.009,0.5,0,0,0,0,0,0,0,0,7.84,7.13,0.98,CIN,1.41,0,0.8721,2.09,,60,9.49,3.65,3.53,23.79,2.85,0.0173,0.0089,0.0597,-0.0424,1,,1452544
873104,Nick Senzel,2900,MIL,OF/2B/3B,CIN,92824,79108,4.09,0.63,0.16,0,0.05,0.5,0.47,0.084,0.43,0,0,0,0,0,0,0,0,6.94,6.43,0.84,CIN,1.15,0,0.682,1.81,,61,8.53,2.94,2.45,21.99,3.81,0.0173,0.0089,0.0597,-0.0424,1,,873104
3673261,Will Benson,2100,MIL,OF,CIN,92824,79119,3.77,0.51,0.16,0.01,0.06,0.48,0.42,0.022,0.43,0,0,0,0,0,0,0,0,6.34,5.77,0.74,CIN,1.1,0,0.9022,1.64,,62,7.73,3.68,0.77,21,0.96,0.0173,0.0089,0.0597,-0.0424,1,,3673261
4793712,T.J. Hopkins,,MIL,,CIN,92824,,3.67,0.42,0.18,0,0.07,0.48,0.36,0.001,0.35,0,0,0,0,0,0,0,0,5.75,5.23,0.67,CIN,1.06,0,0.643,1.51,,63,7.04,0,1.34,19.78,0.67,0.0173,0.0089,0.0597,-0.0424,1,,4793712
3202063,Steven Kwan,2800,MIN,OF,CLE,92828,163666,4.71,0.73,0.17,0.03,0.05,0.38,0.43,0.066,0.49,0,0,0,0,0,0,0,0,7.31,6.72,0.98,MIN,1.36,0,0.5307,1.79,,64,8.66,3.09,2.18,23.3,1.9,0.0195,0.047,0.0273,-0.0078,2.4,,3202063
2038763,Tyler Freeman,2000,MIN,SS,CLE,92828,119333,4.63,0.69,0.22,0,0.07,0.39,0.39,0.035,0.27,0,0,0,0,0,0,0,0,6.61,6.15,0.98,MIN,1.41,0,0.8097,1.76,,65,7.86,3.93,1.2,22.85,2.72,0.0195,0.047,0.0273,-0.0078,2.4,,2038763
16368,Jose Ramirez,3300,MIN,3B,CLE,92828,38976,4.42,0.52,0.21,0.03,0.21,0.43,0.47,0.08,0.39,0,0,0,0,0,0,0,0,8.42,7.89,0.97,MIN,1.87,0,0.6177,1.87,,66,10.22,3.1,2.09,28.08,5.38,0.0195,0.047,0.0273,-0.0078,2.4,,16368
1044326,Josh Naylor,2900,MIN,1B,CLE,92828,79223,4.26,0.55,0.19,0,0.18,0.39,0.42,0.016,0.3,0,0,0,0,0,0,0,0,7.16,6.69,0.92,MIN,1.65,0,0.7364,1.73,,67,8.64,2.98,1.22,25.58,0.89,0.0195,0.047,0.0273,-0.0078,2.4,,1044326
1452778,Andres Gimenez,2500,MIN,2B,CLE,92828,82617,4.16,0.6,0.16,0.02,0.12,0.36,0.4,0.084,0.37,0,0,0,0,0,0,0,0,7.01,6.57,0.9,MIN,1.46,0,0.8957,1.66,,68,8.44,3.38,2.08,23.16,1.86,0.0195,0.047,0.0273,-0.0078,2.4,,1452778
2039958,Gabriel Arias,2300,MIN,1B/3B/SS,CLE,92828,102546,4.13,0.49,0.18,0.01,0.14,0.37,0.36,0.02,0.37,0,0,0,0,0,0,0,0,6.68,6.15,0.82,MIN,1.44,0,1.2747,1.55,,69,8.01,3.48,1.3,23.35,3.44,0.0195,0.047,0.0273,-0.0078,2.4,,2039958
3832824,Will Brennan,2300,MIN,OF,CLE,92828,180095,3.96,0.64,0.15,0.01,0.08,0.33,0.31,0.034,0.24,0,0,0,0,0,0,0,0,5.85,5.5,0.88,MIN,1.29,0,0.6802,1.52,,70,6.96,3.03,0.7,20.06,1.08,0.0195,0.047,0.0273,-0.0078,2.4,,3832824
15860,Mike Zunino,2200,MIN,C,CLE,92828,37983,3.67,0.24,0.12,0,0.18,0.34,0.27,0.002,0.32,0,0,0,0,0,0,0,0,5.42,4.98,0.54,MIN,1.2,0,1.6275,1.15,,71,6.61,3,0.66,21.95,1.38,0.0195,0.047,0.0273,-0.0078,2.4,,15860
538921,Myles Straw,2400,MIN,OF,CLE,92828,97257,3.83,0.54,0.16,0.01,0.02,0.3,0.26,0.067,0.35,0,0,0,0,0,0,0,0,5.25,4.81,0.73,MIN,0.97,0,0.8035,1.29,,72,6.19,2.58,0.62,15.84,1.16,0.0195,0.047,0.0273,-0.0078,2.4,,538921
4061195,Brenton Doyle,2900,KCR,OF,COL,92829,146682,4.99,0.78,0.21,0.1,0.13,0.54,0.57,0.026,0.27,0,0,0,0,0,0,0,0,8.8,8.34,1.22,KCR,2.02,0,1.2269,2.33,,73,10.7,3.69,2.82,27.57,6.43,0.0903,0.1201,0.079,0.0113,8.1,,4061195
13551,Jurickson Profar,3000,KCR,OF,COL,92829,13262,4.73,0.61,0.29,0.1,0.1,0.54,0.61,0.024,0.66,0,0,0,0,0,0,0,0,9.75,8.83,1.1,KCR,1.89,0,0.6662,2.25,,74,11.65,3.88,4.33,27.42,11.54,0.0903,0.1201,0.079,0.0113,8.1,,13551
37483,Ryan McMahon,3700,KCR,2B/3B,COL,92829,68514,4.77,0.58,0.28,0.01,0.2,0.55,0.59,0.013,0.6,0,0,0,0,0,0,0,0,9.58,8.72,1.07,KCR,1.97,0,1.0953,2.21,,75,11.54,3.12,3.72,29.09,15.3,0.0903,0.1201,0.079,0.0113,8.1,,37483
11315,Mike Moustakas,2600,KCR,1B/3B,COL,92829,11322,4.5,0.51,0.26,0,0.13,0.49,0.5,0.007,0.53,0,0,0,0,0,0,0,0,7.98,7.2,0.9,KCR,1.55,0,0.9104,1.89,,76,9.59,3.69,1.86,28.18,6,0.0903,0.1201,0.079,0.0113,8.1,,11315
2038764,Nolan Jones,2900,KCR,3B,COL,92829,79122,4.33,0.59,0.25,0.04,0.12,0.48,0.51,0.009,0.47,0,0,0,0,0,0,0,0,8.18,7.47,1,KCR,1.69,0,1.0271,1.99,,77,9.8,3.38,3.12,24.83,3.94,0.0903,0.1201,0.079,0.0113,8.1,,2038764
546217,Harold Castro,2500,KCR,2B/SS/OF,COL,92829,97291,4.3,0.8,0.24,0.05,0.06,0.45,0.45,0.005,0.22,0,0,0,0,0,0,0,0,7.34,6.89,1.15,KCR,1.67,0,0.6912,2.05,,78,8.75,3.5,0.88,21.8,4.85,0.0903,0.1201,0.079,0.0113,8.1,,546217
1452976,Elehuris Montero,2300,KCR,3B,COL,92829,102412,4.33,0.56,0.23,0.05,0.1,0.47,0.41,0.005,0.26,0,0,0,0,0,0,0,0,7.02,6.54,0.94,KCR,1.57,0,1.0272,1.82,,79,8.48,3.69,1.61,24.1,2.16,0.0903,0.1201,0.079,0.0113,8.1,,1452976
3202639,Ezequiel Tovar,2800,KCR,SS,COL,92829,163674,4.08,0.57,0.3,0.04,0.08,0.46,0.41,0.012,0.28,0,0,0,0,0,0,0,0,7.27,6.69,0.99,KCR,1.61,0,0.8714,1.86,,80,8.67,3.1,0.87,22.66,2.91,0.0903,0.1201,0.079,0.0113,8.1,,3202639
37988,Austin Wynns,2200,KCR,C,COL,92829,83191,3.66,0.53,0.19,0,0.07,0.36,0.3,0.004,0.27,0,0,0,0,0,0,0,0,5.58,5.12,0.79,KCR,1.19,0,0.6976,1.45,,81,6.64,3.02,1.5,15.78,0.4,0.0903,0.1201,0.079,0.0113,8.1,,37988
163067,Zach McKinstry,2900,CHW,2B,DET,92827,118218,4.77,0.44,0.16,0.05,0.19,0.47,0.51,0.115,0.66,0,0,0,0,0,0,0,0,9.05,8.34,0.84,CHW,1.67,0,1.406,1.82,,82,11.03,3.8,2.59,30.25,11.78,0.0467,0.1302,0.0589,-0.0122,3.8,,163067
15811,Javier Baez,2700,CHW,SS,DET,92827,21885,4.68,0.54,0.12,0.04,0.26,0.46,0.49,0.081,0.34,0,0,0,0,0,0,0,0,8.54,8.16,0.96,CHW,1.94,0,1.3422,1.91,,83,10.55,3.91,1.87,29.11,11.33,0.0467,0.1302,0.0589,-0.0122,3.8,,15811
2500366,Akil Baddoo,2500,CHW,OF,DET,92827,82611,4.5,0.47,0.14,0.08,0.15,0.43,0.48,0.175,0.7,0,0,0,0,0,0,0,0,8.97,8.31,0.84,CHW,1.59,0,1.3073,1.75,,84,10.91,4.36,3.38,28.28,10.94,0.0467,0.1302,0.0589,-0.0122,3.8,,2500366
2038813,Spencer Torkelson,2700,CHW,1B,DET,92827,135203,4.51,0.45,0.14,0.01,0.16,0.42,0.42,0.007,0.58,0,0,0,0,0,0,0,0,7.37,6.65,0.76,CHW,1.4,0,1.1207,1.6,,85,8.85,3.28,1.83,25.41,3.47,0.0467,0.1302,0.0589,-0.0122,3.8,,2038813
2039855,Nick Maton,2300,CHW,2B/3B,DET,92827,119404,4.08,0.31,0.13,0.03,0.17,0.39,0.41,0.04,0.72,0,0,0,0,0,0,0,0,7.56,6.76,0.64,CHW,1.34,0,1.3563,1.44,,86,9.09,3.95,2.16,25.19,6.62,0.0467,0.1302,0.0589,-0.0122,3.8,,2039855
2039234,Andy Ibanez,2400,CHW,3B,DET,92827,79267,3.86,0.44,0.12,0.03,0.13,0.34,0.32,0.053,0.32,0,0,0,0,0,0,0,0,6.03,5.65,0.72,CHW,1.29,0,0.6814,1.38,,87,7.32,3.05,1.28,21.4,1.39,0.0467,0.1302,0.0589,-0.0122,3.8,,2039234
10323,Miguel Cabrera,2100,CHW,1B,DET,92827,5118,4.18,0.5,0.08,0,0.12,0.34,0.3,0.005,0.37,0,0,0,0,0,0,0,0,5.56,5.11,0.7,CHW,1.14,0,1.1049,1.34,,88,6.67,3.18,0.72,20.55,0.87,0.0467,0.1302,0.0589,-0.0122,3.8,,10323
1200230,Jake Rogers,2600,CHW,C,DET,92827,82596,3.92,0.29,0.11,0.04,0.23,0.4,0.37,0.017,0.48,0,0,0,0,0,0,0,0,7.2,6.63,0.67,CHW,1.55,0,1.4156,1.44,,89,8.78,3.38,1.44,25.76,1.13,0.0467,0.1302,0.0589,-0.0122,3.8,,1200230
15122,Jake Marisnick,2000,CHW,OF,DET,92827,13422,3.84,0.39,0.11,0.05,0.16,0.37,0.33,0.112,0.36,0,0,0,0,0,0,0,0,6.76,6.4,0.71,CHW,1.4,0,1.2701,1.41,,90,8.3,4.15,0.83,23.17,2.07,0.0467,0.1302,0.0589,-0.0122,3.8,,15122
42163,Mauricio Dubon,2800,LAA,2B,HOU,92830,79181,4.45,0.63,0.17,0.04,0.1,0.53,0.48,0.017,0.24,0,0,0,0,0,0,0,0,7.02,6.63,0.94,HOU,1.49,0,0.7224,1.95,,91,8.66,3.09,1.04,25.31,1.51,0.0793,0.0702,0.0762,0.0031,7.6,,42163
3202718,Jeremy Pena,3000,LAA,SS,HOU,92830,119345,4.42,0.59,0.16,0.08,0.23,0.6,0.63,0.027,0.27,0,0,0,0,0,0,0,0,9.05,8.65,1.06,HOU,2.07,0,1.0569,2.29,,92,11.3,3.77,2.35,30.7,12.48,0.0793,0.0702,0.0762,0.0031,7.6,,3202718
1086660,Yordan Alvarez,4100,LAA,OF,HOU,92830,82575,4.38,0.56,0.19,0.05,0.32,0.64,0.74,0.005,0.56,0,0,0,0,0,0,0,0,10.85,10.1,1.12,HOU,2.37,0,0.7457,2.5,,93,13.39,3.27,3.93,34.23,18.11,0.0793,0.0702,0.0762,0.0031,7.6,,1086660
35330,Alex Bregman,3100,LAA,3B,HOU,92830,68522,4.21,0.52,0.17,0.01,0.21,0.56,0.62,0.024,0.59,0,0,0,0,0,0,0,0,9.05,8.32,0.91,HOU,1.73,0,0.5324,2.09,,94,11.13,3.59,3.41,29.59,11.69,0.0793,0.0702,0.0762,0.0031,7.6,,35330
445290,Kyle Tucker,3300,LAA,OF,HOU,92830,79125,4.09,0.58,0.19,0.05,0.22,0.56,0.64,0.079,0.39,0,0,0,0,0,0,0,0,9.36,8.85,1.04,HOU,1.99,0,0.5236,2.24,,95,11.61,3.52,3.35,30.05,7.66,0.0793,0.0702,0.0762,0.0031,7.6,,445290
2039655,Chas McCormick,2700,LAA,OF,HOU,92830,135216,4.03,0.5,0.11,0.03,0.2,0.52,0.52,0.027,0.44,0,0,0,0,0,0,0,0,7.96,7.44,0.84,HOU,1.61,0,1.1614,1.88,,96,9.86,3.65,2.21,26.85,2.77,0.0793,0.0702,0.0762,0.0031,7.6,,2039655
3769532,Yainer Diaz,2500,LAA,C,HOU,92830,165559,3.89,0.56,0.15,0.01,0.15,0.48,0.43,0.011,0.24,0,0,0,0,0,0,0,0,6.69,6.32,0.87,HOU,1.49,0,0.7754,1.78,,97,8.26,3.3,1.3,23.42,0.26,0.0793,0.0702,0.0762,0.0031,7.6,,3769532
2039656,Jake Meyers,2600,LAA,OF,HOU,92830,135218,3.74,0.48,0.13,0.09,0.13,0.49,0.44,0.014,0.34,0,0,0,0,0,0,0,0,7.18,6.73,0.83,HOU,1.53,0,1.0826,1.76,,98,8.83,3.4,1.41,25.18,0.2,0.0793,0.0702,0.0762,0.0031,7.6,,2039656
11487,Martin Maldonado,2200,LAA,C,HOU,92830,13253,3.57,0.32,0.09,0,0.13,0.42,0.31,0.001,0.37,0,0,0,0,0,0,0,0,5.35,4.9,0.54,HOU,1.02,0,1.1161,1.27,,99,6.61,3,0.66,17.08,0.77,0.0793,0.0702,0.0762,0.0031,7.6,,11487
2038869,Nick Pratto,2800,COL,OF/1B,KCR,92829,82589,4.49,0.6,0.25,0.03,0.12,0.6,0.63,0.016,0.52,0,0,0,0,0,0,0,0,8.83,8.07,1,KCR,1.67,0,1.0471,2.23,,100,10.78,3.85,3.19,28.48,6.94,0.0488,0.0484,0.083,-0.0342,1.4,,2038869
2038870,Bobby Witt,3700,COL,SS,KCR,92829,119349,4.55,0.63,0.23,0.15,0.22,0.7,0.75,0.087,0.22,0,0,0,0,0,0,0,0,10.62,10.25,1.23,KCR,2.42,0,0.7205,2.68,,101,13.34,3.61,3.42,34.88,24.01,0.0488,0.0484,0.083,-0.0342,1.4,,2038870
3585806,Vinnie Pasquantino,2800,COL,1B,KCR,92829,165571,4.48,0.89,0.2,0,0.11,0.56,0.66,0.008,0.58,0,0,0,0,0,0,0,0,9.2,8.44,1.2,KCR,1.73,0,0.3859,2.42,,102,11.08,3.96,4.34,28.11,10.03,0.0488,0.0484,0.083,-0.0342,1.4,,3585806
11446,Salvador Perez,3500,COL,C,KCR,92829,13266,4.21,0.6,0.21,0,0.27,0.61,0.65,0.003,0.23,0,0,0,0,0,0,0,0,8.95,8.52,1.08,KCR,2.1,0,0.7328,2.34,,103,11.19,3.2,2.2,30.91,4.29,0.0488,0.0484,0.083,-0.0342,1.4,,11446
2038866,MJ Melendez,2700,COL,C/OF,KCR,92829,82586,4.22,0.64,0.17,0.09,0.13,0.58,0.63,0.008,0.48,0,0,0,0,0,0,0,0,8.88,8.24,1.03,KCR,1.77,0,0.7504,2.24,,104,10.88,4.03,3.31,28.23,11.1,0.0488,0.0484,0.083,-0.0342,1.4,,2038866
3202137,Maikel Garcia,2600,COL,3B/SS,KCR,92829,163689,4.04,0.67,0.26,0.01,0.03,0.51,0.45,0.037,0.26,0,0,0,0,0,0,0,0,6.75,6.27,0.97,KCR,1.34,0,0.5843,1.93,,105,8.19,3.15,2.24,21.46,1.35,0.0488,0.0484,0.083,-0.0342,1.4,,3202137
3616037,Michael Massey,2500,COL,2B,KCR,92829,173548,4.03,0.71,0.14,0.06,0.09,0.51,0.5,0.023,0.37,0,0,0,0,0,0,0,0,7.56,7.07,1,KCR,1.53,0,0.7331,2.01,,106,9.21,3.68,1.93,24.92,1.91,0.0488,0.0484,0.083,-0.0342,1.4,,3616037
3616036,Freddy Fermin,2600,COL,C,KCR,92829,135194,3.77,0.56,0.19,0.01,0.1,0.49,0.41,0.02,0.24,0,0,0,0,0,0,0,0,6.51,6.1,0.86,KCR,1.37,0,0.5763,1.76,,107,7.98,3.07,1.26,22.62,1,0.0488,0.0484,0.083,-0.0342,1.4,,3616036
18014,Jackie Bradley,2200,COL,OF,KCR,92829,21637,3.67,0.43,0.14,0.05,0.05,0.45,0.34,0.018,0.32,0,0,0,0,0,0,0,0,5.65,5.2,0.67,KCR,1.06,0,0.6683,1.46,,108,6.91,3.14,1.2,18.2,0.39,0.0488,0.0484,0.083,-0.0342,1.4,,18014
41843,Shohei Ohtani,3900,HOU,OF,LAA,92830,82440,4.91,0.51,0.21,0.09,0.25,0.56,0.61,0.078,0.61,0,0,0,0,0,0,0,0,10.56,9.81,1.06,HOU,2.2,0,1.2257,2.23,,109,12.89,3.31,3.79,33.02,13.8,0.0778,0.0666,0.0724,0.0054,7.1,,41843
11380,Mike Trout,3600,HOU,OF,LAA,92830,12933,4.7,0.55,0.21,0.03,0.33,0.55,0.64,0.058,0.62,0,0,0,0,0,0,0,0,10.94,10.16,1.12,HOU,2.38,0,1.327,2.31,,110,13.33,3.7,4.23,34.12,24.67,0.0778,0.0666,0.0724,0.0054,7.1,,11380
15379,Brandon Drury,3000,HOU,1B/2B,LAA,92830,21172,4.67,0.58,0.22,0.05,0.21,0.51,0.5,0.005,0.39,0,0,0,0,0,0,0,0,8.77,8.17,1.06,HOU,2.01,0,1.12,2.07,,111,10.62,3.54,2.66,28.19,8.98,0.0778,0.0666,0.0724,0.0054,7.1,,15379
493497,Taylor Ward,2900,HOU,OF,LAA,92830,79151,4.47,0.65,0.17,0.01,0.18,0.45,0.5,0.021,0.51,0,0,0,0,0,0,0,0,8.36,7.7,1.01,HOU,1.74,0,1.0042,1.96,,112,10.04,3.46,3.38,25.41,0,0.0778,0.0666,0.0724,0.0054,7.1,,493497
1147859,Matt Thaiss,2700,HOU,C,LAA,92830,79152,4.3,0.56,0.14,0,0.1,0.39,0.39,0.008,0.55,0,0,0,0,0,0,0,0,6.7,6.02,0.8,HOU,1.24,0,1.0982,1.58,,113,7.95,2.94,2.2,21.36,8.14,0.0778,0.0666,0.0724,0.0054,7.1,,1147859
17857,Hunter Renfroe,2800,HOU,OF,LAA,92830,54068,4.28,0.53,0.19,0.01,0.22,0.46,0.44,0.011,0.34,0,0,0,0,0,0,0,0,7.88,7.36,0.95,HOU,1.82,0,0.9895,1.85,,114,9.57,3.42,2.38,25.87,3.09,0.0778,0.0666,0.0724,0.0054,7.1,,17857
16022,Gio Urshela,2600,HOU,1B/3B/SS,LAA,92830,38112,4.24,0.78,0.15,0,0.1,0.4,0.38,0.01,0.31,0,0,0,0,0,0,0,0,6.8,6.35,1.03,HOU,1.48,0,0.8355,1.81,,115,8.08,3.11,0.81,21.4,3.61,0.0778,0.0666,0.0724,0.0054,7.1,,16022
36539,Luis Rengifo,2500,HOU,2B/SS/OF,LAA,92830,101817,4.08,0.52,0.12,0.04,0.09,0.38,0.31,0.018,0.29,0,0,0,0,0,0,0,0,5.87,5.47,0.77,HOU,1.24,0,0.687,1.46,,116,7.08,2.83,1.82,20.02,0,0.0778,0.0666,0.0724,0.0054,7.1,,36539
4614574,Zach Neto,2600,HOU,SS,LAA,92830,185300,3.87,0.51,0.16,0.01,0.08,0.36,0.3,0.029,0.37,0,0,0,0,0,0,0,0,5.93,5.42,0.76,HOU,1.18,0,0.8262,1.42,,117,7.05,2.71,0.71,17.57,1.32,0.0778,0.0666,0.0724,0.0054,7.1,,4614574
814065,Luis Arraez,2800,OAK,2B,MIA,92826,101827,4.54,0.89,0.31,0.06,0.05,0.56,0.64,0.018,0.37,0,0,0,0,0,0,0,0,9.13,8.46,1.31,MIA,1.89,0,0.3694,2.51,,127,10.93,3.9,4.31,25.83,12.61,0.0583,0.0772,0.0705,-0.0122,5.2,,814065
3004017,Bryan De La Cruz,2900,OAK,OF,MIA,92826,157797,4.45,0.72,0.25,0.04,0.2,0.58,0.64,0.038,0.28,0,0,0,0,0,0,0,0,9.31,8.82,1.21,MIA,2.14,0,0.973,2.43,,128,11.45,3.95,3.28,30.07,5.49,0.0583,0.0772,0.0705,-0.0122,5.2,,3004017
814227,Jesus Sanchez,2900,OAK,OF,MIA,92826,82644,4.25,0.47,0.3,0.07,0.23,0.61,0.63,0.019,0.36,0,0,0,0,0,0,0,0,9.65,9.01,1.07,MIA,2.2,0,1.1651,2.31,,129,11.89,4.1,3,31.21,11.01,0.0583,0.0772,0.0705,-0.0122,5.2,,814227
17704,Garrett Cooper,2700,OAK,1B,MIA,92826,81046,4.16,0.55,0.24,0.06,0.14,0.54,0.57,0.012,0.39,0,0,0,0,0,0,0,0,8.46,7.84,0.99,MIA,1.77,0,0.9695,2.1,,130,10.34,3.83,3.27,26.7,7.94,0.0583,0.0772,0.0705,-0.0122,5.2,,17704
35357,Yulieski Gurriel,2600,OAK,1B,MIA,92826,71507,4.13,0.63,0.2,0.03,0.09,0.49,0.47,0.02,0.27,0,0,0,0,0,0,0,0,7,6.55,0.95,MIA,1.48,0,0.5231,1.91,,131,8.54,3.28,1.94,23.01,8.02,0.0583,0.0772,0.0705,-0.0122,5.2,,35357
13516,Jean Segura,2400,OAK,3B,MIA,92826,13188,3.97,0.7,0.14,0.03,0.1,0.45,0.45,0.062,0.28,0,0,0,0,0,0,0,0,7.05,6.69,0.97,MIA,1.47,0,0.5418,1.87,,132,8.63,3.6,2.75,22.49,0.55,0.0583,0.0772,0.0705,-0.0122,5.2,,13516
17468,Joey Wendle,2200,OAK,SS,MIA,92826,73832,3.9,0.54,0.33,0.06,0.07,0.52,0.48,0.082,0.24,0,0,0,0,0,0,0,0,7.86,7.37,1,MIA,1.66,0,0.7488,2,,133,9.58,4.35,3,23.89,4.93,0.0583,0.0772,0.0705,-0.0122,5.2,,17468
35169,Jacob Stallings,2200,OAK,C,MIA,92826,70665,3.83,0.53,0.17,0,0.07,0.43,0.36,0.001,0.35,0,0,0,0,0,0,0,0,5.91,5.39,0.77,MIA,1.15,0,0.7377,1.56,,134,7.11,3.23,1.23,16.93,0.64,0.0583,0.0772,0.0705,-0.0122,5.2,,35169
524995,Jonathan Davis,2800,OAK,OF,MIA,92826,96764,3.42,0.46,0.06,0.03,0.07,0.35,0.31,0.106,0.39,0,0,0,0,0,0,0,0,5.54,5.19,0.62,MIA,0.95,0,0.7508,1.28,,135,6.8,2.43,1.5,15.08,0.72,0.0583,0.0772,0.0705,-0.0122,5.2,,524995
15181,Christian Yelich,3400,CIN,OF,MIL,92824,21609,4.64,0.58,0.19,0.01,0.14,0.59,0.66,0.033,0.53,0,0,0,0,0,0,0,0,8.65,7.96,0.92,CIN,1.55,0,1.1563,2.17,,136,10.69,3.14,2.45,30.05,5.38,0.0315,0.033,0.0677,-0.0362,0.5,,15181
2039960,Owen Miller,3000,CIN,2B/3B/OF,MIL,92824,119412,4.57,0.63,0.25,0.01,0.11,0.59,0.6,0.013,0.31,0,0,0,0,0,0,0,0,7.93,7.38,1,CIN,1.6,0,0.9297,2.19,,137,9.79,3.26,1.83,27.33,8.17,0.0315,0.033,0.0677,-0.0362,0.5,,2039960
38033,Rowdy Tellez,3100,CIN,1B,MIL,92824,79277,4.4,0.41,0.17,0,0.32,0.65,0.69,0.002,0.35,0,0,0,0,0,0,0,0,9.23,8.7,0.9,CIN,2.03,0,0.9875,2.24,,138,11.67,3.76,1.38,32.86,10.95,0.0315,0.033,0.0677,-0.0362,0.5,,38033
1450075,William Contreras,3000,CIN,C,MIL,92824,102284,4.34,0.53,0.15,0.02,0.22,0.59,0.67,0.005,0.46,0,0,0,0,0,0,0,0,8.78,8.19,0.92,CIN,1.77,0,1.1688,2.18,,139,10.95,3.65,2.05,31.88,5.97,0.0315,0.033,0.0677,-0.0362,0.5,,1450075
36571,Brian Anderson,2900,CIN,3B/OF,MIL,92824,68531,4.22,0.5,0.16,0.02,0.15,0.54,0.58,0.007,0.48,0,0,0,0,0,0,0,0,7.8,7.16,0.83,CIN,1.48,0,1.109,1.95,,140,9.64,3.32,2.03,27.44,5.99,0.0315,0.033,0.0677,-0.0362,0.5,,36571
172848,Abraham Toro,2500,CIN,3B/2B,MIL,92824,116339,4.04,0.42,0.15,0.01,0.19,0.54,0.51,0.007,0.29,0,0,0,0,0,0,0,0,7.12,6.68,0.77,CIN,1.51,0,0.7512,1.82,,141,8.94,3.58,0.95,26.45,5.28,0.0315,0.033,0.0677,-0.0362,0.5,,172848
4061458,Brice Turang,2400,CIN,2B/SS,MIL,92824,102353,3.97,0.49,0.15,0.02,0.11,0.49,0.43,0.023,0.26,0,0,0,0,0,0,0,0,6.26,5.87,0.77,CIN,1.29,0,0.9967,1.69,,142,7.79,3.25,0.64,24.24,2.95,0.0315,0.033,0.0677,-0.0362,0.5,,4061458
34681,Victor Caratini,2600,CIN,C,MIL,92824,80848,3.88,0.43,0.12,0,0.13,0.48,0.41,0.003,0.35,0,0,0,0,0,0,0,0,6.16,5.69,0.68,CIN,1.19,0,0.9341,1.57,,143,7.63,2.93,0.76,23.51,1.12,0.0315,0.033,0.0677,-0.0362,0.5,,34681
4548100,Joey Wiemer,2800,CIN,OF,MIL,92824,167500,3.69,0.37,0.16,0,0.11,0.47,0.38,0.021,0.32,0,0,0,0,0,0,0,0,5.9,5.45,0.64,CIN,1.13,0,1.0274,1.49,,144,7.32,2.61,0.75,22.39,1.62,0.0315,0.033,0.0677,-0.0362,0.5,,4548100
15820,Jorge Polanco,3000,CLE,2B,MIN,92828,21874,4.25,0.44,0.21,0.01,0.23,0.52,0.58,0.015,0.44,0,0,0,0,0,0,0,0,8.48,7.85,0.89,MIN,1.81,0,1.0386,1.99,,145,10.46,3.49,1.76,29.79,7.95,0.0267,0.0281,0.0407,-0.014,1.9,,15820
2038973,Royce Lewis,3400,CLE,SS/3B,MIN,92828,82608,4.22,0.47,0.22,0.01,0.15,0.49,0.48,0.006,0.26,0,0,0,0,0,0,0,0,7.04,6.56,0.85,MIN,1.54,0,1.0065,1.82,,146,8.66,2.55,0.54,27.06,2.44,0.0267,0.0281,0.0407,-0.014,1.9,,2038973
2038976,Alex Kirilloff,2900,CLE,1B,MIN,92828,79188,4.01,0.51,0.19,0.01,0.14,0.45,0.48,0.007,0.36,0,0,0,0,0,0,0,0,7.11,6.58,0.85,MIN,1.48,0,1.0447,1.78,,147,8.67,2.99,1.29,25.25,2.25,0.0267,0.0281,0.0407,-0.014,1.9,,2038976
16437,Byron Buxton,3300,CLE,OF,MIN,92828,39086,3.98,0.31,0.2,0.02,0.33,0.55,0.64,0.037,0.42,0,0,0,0,0,0,0,0,9.33,8.76,0.86,MIN,2.09,0,1.2934,2.05,,148,11.68,3.54,1.57,32.38,11.21,0.0267,0.0281,0.0407,-0.014,1.9,,16437
15798,Max Kepler,2800,CLE,OF,MIN,92828,21875,3.83,0.35,0.15,0.01,0.15,0.44,0.44,0.008,0.42,0,0,0,0,0,0,0,0,6.67,6.1,0.66,MIN,1.28,0,0.8029,1.54,,149,8.2,2.93,0.8,25.29,8.53,0.0267,0.0281,0.0407,-0.014,1.9,,15798
2038972,Ryan Jeffers,2600,CLE,C,MIN,92828,119368,3.83,0.31,0.15,0,0.19,0.46,0.44,0.001,0.39,0,0,0,0,0,0,0,0,6.78,6.24,0.65,MIN,1.37,0,1.3444,1.55,,150,8.38,3.22,0.64,25.8,1.96,0.0267,0.0281,0.0407,-0.014,1.9,,2038972
37993,Willi Castro,2600,CLE,3B/SS/OF,MIN,92828,82555,3.75,0.42,0.15,0.02,0.12,0.42,0.38,0.014,0.26,0,0,0,0,0,0,0,0,5.98,5.58,0.71,MIN,1.26,0,1.0695,1.51,,151,7.35,2.83,0.45,22.8,4.04,0.0267,0.0281,0.0407,-0.014,1.9,,37993
36215,Kyle Farmer,2800,CLE,2B/SS,MIN,92828,81511,3.65,0.46,0.14,0.01,0.11,0.4,0.36,0.007,0.25,0,0,0,0,0,0,0,0,5.73,5.35,0.72,MIN,1.21,0,0.8002,1.48,,152,7.01,2.5,0.7,21.38,1.88,0.0267,0.0281,0.0407,-0.014,1.9,,36215
11510,Michael A. Taylor,2500,CLE,OF,MIN,92828,21074,3.52,0.41,0.1,0.01,0.12,0.38,0.32,0.032,0.25,0,0,0,0,0,0,0,0,5.47,5.15,0.64,MIN,1.12,0,1.1336,1.34,,153,6.75,2.7,0.29,22.52,1.97,0.0267,0.0281,0.0407,-0.014,1.9,,11510
16460,Tommy Pham,2500,TOR,OF,NYM,92825,13487,4.57,0.59,0.13,0.03,0.18,0.53,0.54,0.03,0.51,0,0,0,0,0,0,0,0,8.36,7.75,0.93,NYM,1.66,0,1.1573,2,,154,10.25,4.1,1.03,28.94,1.25,0.0492,0.0306,0.0447,0.0045,6.7,,16460
15179,Mark Canha,2900,TOR,OF,NYM,92825,21666,4.48,0.6,0.15,0.02,0.18,0.53,0.57,0.013,0.61,0,0,0,0,0,0,0,0,8.74,7.99,0.95,NYM,1.68,0,0.852,2.05,,155,10.62,3.66,3.17,31.89,1.52,0.0492,0.0306,0.0447,0.0045,6.7,,15179
15953,Francisco Lindor,3600,TOR,SS,NYM,92825,16952,4.36,0.59,0.14,0.05,0.24,0.55,0.57,0.027,0.4,0,0,0,0,0,0,0,0,8.92,8.41,1.02,NYM,1.98,0,0.8185,2.14,,156,11.01,3.06,2.42,29.62,8.08,0.0492,0.0306,0.0447,0.0045,6.7,,15953
894408,Pete Alonso,4200,TOR,1B,NYM,92825,82614,4.17,0.51,0.12,0,0.37,0.56,0.63,0.004,0.43,0,0,0,0,0,0,0,0,9.6,9.06,1,NYM,2.23,0,0.843,2.19,,157,11.94,2.84,2.52,32.14,6.69,0.0492,0.0306,0.0447,0.0045,6.7,,894408
11507,Eduardo Escobar,2600,TOR,3B,NYM,92825,13239,4.18,0.56,0.14,0.07,0.26,0.55,0.58,0.004,0.29,0,0,0,0,0,0,0,0,8.86,8.43,1.03,NYM,2.09,0,0.8903,2.16,,158,10.98,4.22,2.42,30.25,7.14,0.0492,0.0306,0.0447,0.0045,6.7,,11507
13518,Starling Marte,2900,TOR,OF,NYM,92825,13423,4.04,0.66,0.13,0.04,0.14,0.47,0.47,0.069,0.34,0,0,0,0,0,0,0,0,7.65,7.25,0.97,NYM,1.6,0,0.7698,1.91,,159,9.38,3.23,2.44,25.11,2.53,0.0492,0.0306,0.0447,0.0045,6.7,,13518
470026,Jeff McNeil,2700,TOR,2B/OF,NYM,92825,85307,3.95,0.65,0.16,0.02,0.07,0.43,0.39,0.01,0.35,0,0,0,0,0,0,0,0,6.52,6.01,0.9,NYM,1.31,0,0.4192,1.72,,160,7.82,2.9,2.03,22.07,3.08,0.0492,0.0306,0.0447,0.0045,6.7,,470026
2179708,Mark Vientos,2400,TOR,3B,NYM,92825,82615,3.71,0.52,0.11,0,0.19,0.44,0.39,0.005,0.28,0,0,0,0,0,0,0,0,6.61,6.23,0.82,NYM,1.5,0,1.0599,1.65,,161,8.12,3.38,1.24,23.98,6.04,0.0492,0.0306,0.0447,0.0045,6.7,,2179708
2134521,Francisco Alvarez,3200,TOR,C,NYM,92825,102365,3.66,0.47,0.11,0.01,0.17,0.43,0.36,0.006,0.33,0,0,0,0,0,0,0,0,6.43,6,0.76,NYM,1.4,0,0.8778,1.55,,162,7.87,2.46,1.37,22.82,1.28,0.0492,0.0306,0.0447,0.0045,6.7,,2134521
3612633,Esteury Ruiz,3200,MIA,OF,OAK,92826,102392,4.59,0.8,0.19,0.11,0.02,0.35,0.43,0.253,0.34,0,0,0,0,0,0,0,0,8.16,7.89,1.12,MIA,1.59,0,0.9183,1.9,,172,9.85,3.08,3.5,23.77,1.61,0.0163,0.0372,0.012,0.0043,3.3,,3612633
4578611,Ryan Noda,2800,MIA,1B,OAK,92826,181991,4.47,0.42,0.22,0.05,0.11,0.36,0.4,0.027,0.63,0,0,0,0,0,0,0,0,7.62,6.79,0.8,MIA,1.45,0,1.548,1.56,,173,8.97,3.2,2.07,25.61,1.14,0.0163,0.0372,0.012,0.0043,3.3,,4578611
38057,Ramon Laureano,2700,MIA,OF,OAK,92826,83155,4.35,0.48,0.18,0.05,0.11,0.35,0.34,0.052,0.32,0,0,0,0,0,0,0,0,6.6,6.15,0.82,MIA,1.43,0,1.278,1.51,,174,7.91,2.93,1.49,22.57,0.74,0.0163,0.0372,0.012,0.0043,3.3,,38057
2039592,JJ Bleday,2400,MIA,OF,OAK,92826,119363,4.34,0.32,0.19,0.07,0.1,0.36,0.36,0.042,0.54,0,0,0,0,0,0,0,0,6.93,6.24,0.68,MIA,1.31,0,1.2055,1.4,,175,8.26,3.44,1.41,24.4,1.52,0.0163,0.0372,0.012,0.0043,3.3,,2039592
2038978,Brent Rooker,2900,MIA,OF,OAK,92826,82612,4.01,0.41,0.15,0,0.13,0.31,0.31,0.013,0.39,0,0,0,0,0,0,0,0,5.91,5.39,0.69,MIA,1.23,0,1.3117,1.31,,176,7.04,2.43,0.97,21.52,8.53,0.0163,0.0372,0.012,0.0043,3.3,,2038978
17844,Aledmys Diaz,2300,MIA,2B/SS/3B,OAK,92826,54049,3.99,0.57,0.15,0,0.07,0.28,0.27,0.011,0.22,0,0,0,0,0,0,0,0,5.16,4.8,0.79,MIA,1.15,0,0.7795,1.34,,177,6.07,2.64,0.61,18.2,0.95,0.0163,0.0372,0.012,0.0043,3.3,,17844
15478,Jace Peterson,2500,MIA,3B,OAK,92826,21573,3.86,0.47,0.13,0.04,0.07,0.28,0.28,0.067,0.4,0,0,0,0,0,0,0,0,5.78,5.31,0.71,MIA,1.13,0,1.0464,1.27,,178,6.85,2.74,1.85,18.83,0.81,0.0163,0.0372,0.012,0.0043,3.3,,15478
2039396,Shea Langeliers,2700,MIA,C,OAK,92826,119303,3.93,0.41,0.16,0.04,0.11,0.32,0.27,0.021,0.25,0,0,0,0,0,0,0,0,5.65,5.26,0.72,MIA,1.29,0,1.3043,1.31,,179,6.76,2.5,0.66,20.26,0.85,0.0163,0.0372,0.012,0.0043,3.3,,2039396
2039073,Nick Allen,2100,MIA,SS,OAK,92826,102380,3.73,0.54,0.11,0,0.03,0.24,0.2,0.017,0.21,0,0,0,0,0,0,0,0,4.13,3.83,0.68,MIA,0.88,0,0.7909,1.12,,180,4.82,2.3,0.32,13.13,0.93,0.0163,0.0372,0.012,0.0043,3.3,,2039073
18884,Kyle Schwarber,3200,WAS,OF,PHI,92823,60631,4.94,0.42,0.2,0.03,0.39,0.67,0.75,0.007,0.71,0,0,0,0,0,0,0,0,11.6,10.7,1.04,WAS,2.47,0,0.9587,2.46,,181,14.33,4.48,4,36.71,23.49,0.1359,0.1164,0.0948,0.0411,9,,18884
14698,Nick Castellanos,3400,WAS,OF,PHI,92823,13342,4.79,0.62,0.32,0.01,0.26,0.62,0.65,0.006,0.3,0,0,0,0,0,0,0,0,9.95,9.33,1.21,WAS,2.33,0,0.9368,2.48,,182,12.2,3.59,3.18,31.61,12.31,0.1359,0.1164,0.0948,0.0411,9,,14698
13392,Bryce Harper,3800,WAS,1B/OF,PHI,92823,12948,4.72,0.61,0.36,0.02,0.28,0.63,0.73,0.034,0.61,0,0,0,0,0,0,0,0,11.59,10.66,1.27,WAS,2.51,0,0.7055,2.63,,183,14.06,3.7,5.07,33.29,16.41,0.1359,0.1164,0.0948,0.0411,9,,13392
21824,Trea Turner,3100,WAS,SS,PHI,92823,65881,4.5,0.64,0.26,0.04,0.2,0.56,0.59,0.05,0.29,0,0,0,0,0,0,0,0,9.08,8.58,1.14,WAS,2.08,0,0.7511,2.29,,184,11.15,3.6,3.26,28.75,9.56,0.1359,0.1164,0.0948,0.0411,9,,21824
2082919,Bryson Stott,3000,WAS,2B,PHI,92823,119405,4.49,0.71,0.22,0.03,0.12,0.51,0.52,0.031,0.34,0,0,0,0,0,0,0,0,8.03,7.5,1.08,WAS,1.72,0,0.5746,2.11,,185,9.74,3.25,2.98,25.46,3.19,0.1359,0.1164,0.0948,0.0411,9,,2082919
18004,J.T. Realmuto,2800,WAS,C,PHI,92823,17139,4.33,0.5,0.25,0.05,0.22,0.56,0.55,0.02,0.38,0,0,0,0,0,0,0,0,8.98,8.37,1.02,WAS,2.03,0,0.827,2.13,,186,10.99,3.93,2.75,28.97,7.62,0.1359,0.1164,0.0948,0.0411,9,,18004
2038929,Brandon Marsh,2800,WAS,OF,PHI,92823,79154,4.03,0.59,0.22,0.09,0.1,0.48,0.46,0.023,0.35,0,0,0,0,0,0,0,0,7.81,7.26,1,WAS,1.7,0,0.8814,1.94,,187,9.42,3.36,0.94,23.76,1.37,0.1359,0.1164,0.0948,0.0411,9,,2038929
3202098,Kody Clemens,2500,WAS,1B,PHI,92823,102326,3.97,0.4,0.16,0.01,0.19,0.47,0.39,0.006,0.31,0,0,0,0,0,0,0,0,6.85,6.38,0.76,WAS,1.51,0,0.7116,1.62,,188,8.42,3.37,0.84,24.65,0.85,0.1359,0.1164,0.0948,0.0411,9,,3202098
3004515,Drew Ellis,2000,WAS,3B,PHI,92823,102279,3.94,0.34,0.19,0.01,0.07,0.42,0.28,0.004,0.37,0,0,0,0,0,0,0,0,5.39,4.83,0.61,WAS,1.03,0,0.9478,1.31,,189,6.5,3.25,0.91,18.21,0.4,0.1359,0.1164,0.0948,0.0411,9,,3004515
37557,J.P. Crawford,2700,TEX,SS,SEA,92831,52179,4.59,0.65,0.25,0.03,0.04,0.4,0.44,0.01,0.41,0,0,0,0,0,0,0,0,7.04,6.39,0.97,TEX,1.4,0,0.6593,1.81,,199,8.3,3.07,1.89,22.07,1.85,0.0231,0.0288,0.0142,0.0089,4.8,,37557
814825,Ty France,2800,TEX,1B,SEA,92831,101842,4.51,0.66,0.23,0,0.09,0.4,0.44,0.003,0.35,0,0,0,0,0,0,0,0,7.02,6.45,0.98,TEX,1.48,0,0.7447,1.82,,200,8.34,2.98,1.68,23.76,0.69,0.0231,0.0288,0.0142,0.0089,4.8,,814825
2039129,Julio Rodriguez,3500,TEX,OF,SEA,92831,102400,4.32,0.62,0.22,0.16,0.15,0.45,0.54,0.051,0.28,0,0,0,0,0,0,0,0,8.92,8.47,1.15,TEX,2.14,0,1.1136,2.14,,201,10.79,3.08,2.87,28.61,3.48,0.0231,0.0288,0.0142,0.0089,4.8,,2039129
2039128,Jarred Kelenic,3100,TEX,OF,SEA,92831,102398,4.15,0.37,0.22,0.09,0.13,0.43,0.43,0.024,0.29,0,0,0,0,0,0,0,0,7.12,6.63,0.81,TEX,1.6,0,1.1075,1.67,,202,8.66,2.79,1.03,25.73,1.63,0.0231,0.0288,0.0142,0.0089,4.8,,2039128
15566,Eugenio Suarez,2700,TEX,3B,SEA,92831,21633,4.2,0.42,0.15,0.04,0.14,0.39,0.4,0.004,0.39,0,0,0,0,0,0,0,0,6.57,6.04,0.75,TEX,1.4,0,1.3055,1.54,,203,7.95,2.94,0.91,24.05,1.93,0.0231,0.0288,0.0142,0.0089,4.8,,15566
2039122,Cal Raleigh,2800,TEX,C,SEA,92831,102554,4.04,0.31,0.25,0.05,0.15,0.43,0.39,0.003,0.26,0,0,0,0,0,0,0,0,6.83,6.32,0.76,TEX,1.56,0,1.0686,1.58,,204,8.3,2.96,0.73,24.29,0.42,0.0231,0.0288,0.0142,0.0089,4.8,,2039122
17884,Teoscar Hernandez,2600,TEX,OF,SEA,92831,73023,3.98,0.54,0.21,0.04,0.1,0.38,0.37,0.017,0.21,0,0,0,0,0,0,0,0,6.43,6.02,0.89,TEX,1.48,0,1.2079,1.64,,205,7.72,2.97,1.2,21.95,1.68,0.0231,0.0288,0.0142,0.0089,4.8,,17884
41803,Mike Ford,2000,TEX,1B,SEA,92831,82824,3.9,0.4,0.12,0,0.07,0.32,0.27,0.006,0.35,0,0,0,0,0,0,0,0,4.91,4.45,0.59,TEX,0.92,0,0.9581,1.18,,206,5.87,2.94,0.43,18.44,1.11,0.0231,0.0288,0.0142,0.0089,4.8,,41803
4619160,Jose Caballero,2300,TEX,3B/2B,SEA,92831,185303,3.68,0.44,0.15,0.03,0.07,0.32,0.27,0.02,0.26,0,0,0,0,0,0,0,0,5.18,4.79,0.69,TEX,1.11,0,0.8432,1.28,,207,6.19,2.69,0.78,21.07,0.49,0.0231,0.0288,0.0142,0.0089,4.8,,4619160
17802,Yandy Diaz,3900,BOS,1B/3B,TBR,92822,79120,4.78,0.86,0.19,0.01,0.09,0.53,0.64,0.017,0.67,0,0,0,0,0,0,0,0,9.13,8.28,1.15,BOS,1.63,0,0.6262,2.32,,235,10.92,2.8,4.33,26.44,7.12,0.0859,0.0241,0.0383,0.0476,9.5,,17802
481940,Brandon Lowe,3300,BOS,2B,TBR,92822,85504,4.64,0.5,0.16,0.02,0.25,0.59,0.63,0.028,0.58,0,0,0,0,0,0,0,0,9.4,8.68,0.93,BOS,1.88,0,1.2522,2.15,,236,11.61,3.52,3.1,30.08,12.34,0.0859,0.0241,0.0383,0.0476,9.5,,481940
1221473,Randy Arozarena,3700,BOS,OF,TBR,92822,85261,4.59,0.71,0.2,0.03,0.11,0.54,0.58,0.128,0.51,0,0,0,0,0,0,0,0,8.93,8.34,1.05,BOS,1.64,0,1.0796,2.17,,237,10.92,2.95,3.82,27.25,6.32,0.0859,0.0241,0.0383,0.0476,9.5,,1221473
2039178,Josh Lowe,3800,BOS,OF,TBR,92822,79257,4.54,0.61,0.15,0.02,0.23,0.57,0.6,0.085,0.36,0,0,0,0,0,0,0,0,8.89,8.48,1.01,BOS,1.89,0,1.2416,2.18,,238,11.12,2.93,2.88,29.04,3.87,0.0859,0.0241,0.0383,0.0476,9.5,,2039178
1452039,Isaac Paredes,3200,BOS,3B/1B,TBR,92822,82574,4.38,0.53,0.17,0,0.13,0.51,0.5,0.001,0.52,0,0,0,0,0,0,0,0,7.52,6.84,0.83,BOS,1.39,0,0.7273,1.84,,239,9.16,2.86,2.1,25.57,8.07,0.0859,0.0241,0.0383,0.0476,9.5,,1452039
1452160,Luke Raley,3100,BOS,OF/1B,TBR,92822,102363,4.24,0.49,0.13,0.01,0.21,0.52,0.52,0.073,0.5,0,0,0,0,0,0,0,0,8.26,7.7,0.84,BOS,1.62,0,1.4111,1.88,,240,10.24,3.3,2.43,28.38,0.89,0.0859,0.0241,0.0383,0.0476,9.5,,1452160
42007,Jose Siri,3400,BOS,OF,TBR,92822,82553,4.17,0.59,0.13,0.02,0.1,0.47,0.41,0.089,0.29,0,0,0,0,0,0,0,0,6.77,6.43,0.84,BOS,1.31,0,1.2458,1.72,,241,8.37,2.46,2.07,22.95,1,0.0859,0.0241,0.0383,0.0476,9.5,,42007
2039180,Taylor Walls,3300,BOS,SS/3B/2B,TBR,92822,135190,4.07,0.42,0.14,0.03,0.11,0.48,0.41,0.067,0.51,0,0,0,0,0,0,0,0,7,6.42,0.7,BOS,1.23,0,1.0768,1.59,,242,8.59,2.6,2.14,24.09,2.25,0.0859,0.0241,0.0383,0.0476,9.5,,2039180
14912,Christian Bethancourt,2800,BOS,C,TBR,92822,13326,3.89,0.59,0.18,0,0.11,0.46,0.37,0.027,0.14,0,0,0,0,0,0,0,0,6.19,5.89,0.88,BOS,1.39,0,0.9465,1.71,,243,7.6,2.71,0.76,20.75,0.69,0.0859,0.0241,0.0383,0.0476,9.5,,14912
15633,Marcus Semien,3800,SEA,2B,TEX,92831,21705,4.29,0.5,0.22,0.03,0.16,0.55,0.58,0.031,0.28,0,0,0,0,0,0,0,0,7.9,7.42,0.91,TEX,1.67,0,0.7177,2.04,,244,9.82,2.58,1.1,28.45,2.18,0.0212,0.005,0.0288,-0.0076,2.9,,15633
16176,Corey Seager,3700,SEA,SS,TEX,92831,38412,4.14,0.47,0.26,0.02,0.18,0.55,0.6,0.006,0.34,0,0,0,0,0,0,0,0,8.23,7.63,0.93,TEX,1.77,0,0.5695,2.08,,245,10.16,2.75,1.74,28.67,2.12,0.0212,0.005,0.0288,-0.0076,2.9,,16176
980776,Nate Lowe,3000,SEA,1B,TEX,92831,85285,4.11,0.54,0.24,0.02,0.14,0.52,0.56,0.012,0.34,0,0,0,0,0,0,0,0,7.84,7.27,0.94,TEX,1.64,0,0.7892,2.02,,246,9.62,3.21,1.53,27.28,0.63,0.0212,0.005,0.0288,-0.0076,2.9,,980776
484316,Adolis Garcia,3600,SEA,OF,TEX,92831,85520,3.98,0.45,0.18,0.02,0.19,0.52,0.55,0.042,0.21,0,0,0,0,0,0,0,0,7.49,7.14,0.84,TEX,1.63,0,1.0353,1.91,,247,9.42,2.62,0.94,27.81,1.8,0.0212,0.005,0.0288,-0.0076,2.9,,484316
2039235,Josh Jung,3400,SEA,3B,TEX,92831,119437,3.87,0.47,0.17,0.03,0.18,0.5,0.53,0.01,0.18,0,0,0,0,0,0,0,0,7.16,6.82,0.85,TEX,1.62,0,1.1142,1.88,,248,8.96,2.64,0.9,26.39,1.14,0.0212,0.005,0.0288,-0.0076,2.9,,2039235
1405649,Jonah Heim,3200,SEA,C,TEX,92831,118120,3.83,0.38,0.22,0,0.13,0.48,0.43,0.01,0.25,0,0,0,0,0,0,0,0,6.31,5.86,0.73,TEX,1.34,0,0.6351,1.64,,249,7.83,2.45,0.17,24.12,0.68,0.0212,0.005,0.0288,-0.0076,2.9,,1405649
14622,Robbie Grossman,2700,SEA,OF,TEX,92831,13854,3.67,0.35,0.16,0.01,0.11,0.43,0.39,0.018,0.37,0,0,0,0,0,0,0,0,5.98,5.47,0.63,TEX,1.14,0,0.7863,1.45,,250,7.36,2.73,0.78,22.68,0.77,0.0212,0.005,0.0288,-0.0076,2.9,,14622
16106,Travis Jankowski,2600,SEA,OF,TEX,92831,38223,3.48,0.42,0.18,0.03,0.02,0.39,0.34,0.071,0.32,0,0,0,0,0,0,0,0,5.5,5.07,0.65,TEX,0.95,0,0.565,1.38,,251,6.71,2.58,1.05,17.99,1.17,0.0212,0.005,0.0288,-0.0076,2.9,,16106
1452354,Leody Taveras,2800,SEA,OF,TEX,92831,79263,3.5,0.44,0.2,0.04,0.06,0.42,0.36,0.055,0.2,0,0,0,0,0,0,0,0,5.75,5.41,0.74,TEX,1.2,0,0.7284,1.52,,252,7.08,2.53,0.65,22.17,0.89,0.0212,0.005,0.0288,-0.0076,2.9,,1452354
15035,George Springer,3300,NYM,OF,TOR,92825,16983,4.85,0.59,0.16,0.03,0.19,0.49,0.53,0.021,0.58,0,0,0,0,0,0,0,0,8.71,7.99,0.97,NYM,1.76,0,1.1031,1.99,,253,10.53,3.19,2.84,28.54,4.34,0.0656,0.0432,0.0373,0.0283,8.6,,15035
1199134,Bo Bichette,3600,NYM,SS,TOR,92825,82654,4.78,0.76,0.21,0.01,0.16,0.48,0.52,0.038,0.37,0,0,0,0,0,0,0,0,8.5,7.97,1.14,NYM,1.85,0,1.1613,2.14,,254,10.26,2.85,3.26,26.78,3.88,0.0656,0.0432,0.0373,0.0283,8.6,,1199134
967469,Vladimir Guerrero Jr.,3500,NYM,1B,TOR,92825,79273,4.68,0.64,0.2,0,0.22,0.49,0.54,0.011,0.57,0,0,0,0,0,0,0,0,9.09,8.34,1.06,NYM,1.92,0,0.9223,2.09,,255,10.94,3.13,3.37,29.36,5.32,0.0656,0.0432,0.0373,0.0283,8.6,,967469
10344,Brandon Belt,2500,NYM,1B,TOR,92825,12900,4.46,0.43,0.12,0,0.18,0.44,0.48,0.013,0.83,0,0,0,0,0,0,0,0,8.26,7.32,0.73,NYM,1.39,0,1.6873,1.65,,256,9.89,3.96,3,27.13,5.01,0.0656,0.0432,0.0373,0.0283,8.6,,10344
37180,Matt Chapman,3400,NYM,3B,TOR,92825,68544,4.44,0.42,0.17,0.01,0.16,0.45,0.45,0.005,0.67,0,0,0,0,0,0,0,0,7.78,6.94,0.76,NYM,1.43,0,1.5714,1.66,,257,9.34,2.75,2.38,25.1,1.86,0.0656,0.0432,0.0373,0.0283,8.6,,37180
2039342,Daulton Varsho,3000,NYM,OF,TOR,92825,82533,4.37,0.43,0.12,0.01,0.19,0.44,0.42,0.032,0.55,0,0,0,0,0,0,0,0,7.52,6.88,0.75,NYM,1.46,0,1.27,1.61,,258,9.15,3.05,1.95,25.69,1.5,0.0656,0.0432,0.0373,0.0283,8.6,,2039342
15652,Whit Merrifield,3100,NYM,2B/OF,TOR,92825,70562,4.25,0.63,0.18,0.01,0.06,0.4,0.35,0.064,0.34,0,0,0,0,0,0,0,0,6.48,6.02,0.88,NYM,1.26,0,0.8792,1.63,,259,7.77,2.51,2.2,20.31,2.03,0.0656,0.0432,0.0373,0.0283,8.6,,15652
1049725,Cavan Biggio,2300,NYM,2B,TOR,92825,85277,3.87,0.34,0.11,0.01,0.1,0.35,0.31,0.025,0.68,0,0,0,0,0,0,0,0,6.18,5.42,0.56,NYM,0.99,0,1.3718,1.22,,260,7.34,3.19,2.32,19.43,1.38,0.0656,0.0432,0.0373,0.0283,8.6,,1049725
1257200,Tyler Heineman,2100,NYM,C,TOR,92825,116867,3.84,0.44,0.12,0,0.05,0.33,0.27,0.012,0.49,0,0,0,0,0,0,0,0,5.31,4.7,0.61,NYM,0.88,0,0.7615,1.21,,261,6.25,2.98,1.34,15.45,0.76,0.0656,0.0432,0.0373,0.0283,8.6,,1257200
814905,Lane Thomas,3300,PHI,OF,WAS,92823,101844,4.65,0.59,0.32,0.05,0.16,0.51,0.58,0.004,0.46,0,0,0,0,0,0,0,0,9.23,8.46,1.12,WAS,2.02,0,1.001,2.21,,262,11.06,3.35,3.27,28.52,6.82,0.0394,0.0398,0.0298,0.0096,6.2,,814905
2040123,Luis Garcia,3000,PHI,2B,WAS,92823,82660,4.49,0.58,0.38,0.04,0.08,0.48,0.47,0.002,0.19,0,0,0,0,0,0,0,0,7.6,7.04,1.08,WAS,1.78,0,0.7646,2.03,,263,9.09,3.03,2.13,24.32,3.06,0.0394,0.0398,0.0298,0.0096,6.2,,2040123
3669977,Joey Meneses,2900,PHI,1B,WAS,92823,85268,4.39,0.73,0.37,0,0.14,0.48,0.54,0.001,0.29,0,0,0,0,0,0,0,0,8.75,8.09,1.24,WAS,2.03,0,0.8427,2.26,,264,10.4,3.59,3.48,26.11,4.95,0.0394,0.0398,0.0298,0.0096,6.2,,3669977
15812,Jeimer Candelario,3200,PHI,3B,WAS,92823,71182,4.29,0.51,0.33,0.03,0.12,0.47,0.49,0.001,0.37,0,0,0,0,0,0,0,0,8.02,7.31,0.99,WAS,1.74,0,0.8649,1.95,,265,9.59,3,2.43,25.29,4.32,0.0394,0.0398,0.0298,0.0096,6.2,,15812
3717467,Stone Garrett,2600,PHI,OF,WAS,92823,79164,3.96,0.5,0.32,0.01,0.12,0.43,0.44,0.004,0.28,0,0,0,0,0,0,0,0,7.29,6.7,0.95,WAS,1.65,0,1.0684,1.82,,266,8.73,3.36,2.28,22.85,2.1,0.0394,0.0398,0.0298,0.0096,6.2,,3717467
37481,Dominic Smith,2500,PHI,1B,WAS,92823,52170,4.06,0.55,0.23,0,0.05,0.38,0.35,0.001,0.37,0,0,0,0,0,0,0,0,6.09,5.5,0.83,WAS,1.21,0,0.7249,1.56,,267,7.19,2.88,1.74,19.1,1.26,0.0394,0.0398,0.0298,0.0096,6.2,,37481
16395,Ildemaro Vargas,2400,PHI,2B/SS/3B,WAS,92823,80852,4,0.52,0.32,0.06,0.07,0.44,0.4,0.002,0.19,0,0,0,0,0,0,0,0,6.97,6.45,0.97,WAS,1.62,0,0.4776,1.81,,268,8.31,3.46,2.21,23.89,4.71,0.0394,0.0398,0.0298,0.0096,6.2,,16395
2039288,Riley Adams,2700,PHI,C,WAS,92823,135284,3.82,0.33,0.25,0.05,0.12,0.42,0.37,0.001,0.44,0,0,0,0,0,0,0,0,7,6.3,0.75,WAS,1.46,0,1.0587,1.54,,269,8.36,3.1,1.55,23.94,1.47,0.0394,0.0398,0.0298,0.0096,6.2,,2039288
3610165,Alex Call,2800,PHI,OF,WAS,92823,173078,3.78,0.44,0.18,0.03,0.09,0.37,0.33,0.003,0.48,0,0,0,0,0,0,0,0,6.34,5.69,0.74,WAS,1.25,0,0.7619,1.44,,270,7.51,2.68,2.12,19.72,1.14,0.0394,0.0398,0.0298,0.0096,6.2,,3610165
4267539,Taj Bradley,10200,BOS,P,TBR,92822,165698,0,0,0,0,0,0,0,0,0,4.62,1.23,4.57,0.2,2.01,3.81,0.2,0.2,8.2,23.58,0,BOS,0,13.86,0,0,83,274,23.58,2.31,3.76,45.37,2.35,0.0859,0.0241,0.0383,0.0476,9.5,,4267539
18952,Matthew Boyd,6800,CHW,P,DET,92827,63136,0,0,0,0,0,0,0,0,0,5.17,2.03,4.25,0.2,2.53,4.97,0.33,0.3,8.19,23.07,0,CHW,0,15.51,0,0,86,276,23.07,3.39,3.47,43.58,2.57,0.0467,0.1302,0.0589,-0.0122,3.8,,18952
31643,Adrian Houser,7400,CIN,P,MIL,92824,66766,0,0,0,0,0,0,0,0,0,4.79,1.9,2.56,0.21,2.45,4.4,0.31,0.18,5.87,16.69,0,CIN,0,14.37,0,0,86,277,16.69,2.26,1.58,32.25,0.93,0.0315,0.033,0.0677,-0.0362,0.5,,31643
2039186,Joe Ryan,11000,CLE,P,MIN,92828,119430,0,0,0,0,0,0,0,0,0,5.37,1.58,5.31,0.27,1.95,4.58,0.26,0.47,10.67,29.67,0,MIN,0,16.11,0,0,92,278,29.67,2.7,13.06,48.54,5.73,0.0267,0.0281,0.0407,-0.014,1.9,,2039186
2038877,Brady Singer,6900,COL,P,KCR,92829,102344,0,0,0,0,0,0,0,0,0,5.02,1.71,5.39,0.24,2.41,5.78,0.28,0.29,9.36,26.63,0,KCR,0,15.06,0,0,87,279,26.63,3.86,5.03,51.5,3.02,0.0488,0.0484,0.083,-0.0342,1.4,,2038877
500626,Michael Kopech,9800,DET,P,CHW,92827,79390,0,0,0,0,0,0,0,0,0,5.24,2.67,6.76,0.27,2.1,4.03,0.43,0.41,11.66,32.92,0,CHW,0,15.72,0,0,93,280,32.92,3.36,6.41,63.15,15.88,0.0406,0.0246,0.0469,-0.0063,4.3,,500626
980775,Griffin Canning,8500,HOU,P,LAA,92830,82582,0,0,0,0,0,0,0,0,0,4.98,1.62,4.55,0.2,2.48,4.62,0.26,0.22,8.12,23.27,0,HOU,0,14.94,0,0,85,281,23.27,2.74,10.24,38.07,1.38,0.0778,0.0666,0.0724,0.0054,7.1,,980775
36592,Kyle Freeland,8900,KCR,P,COL,92829,60632,0,0,0,0,0,0,0,0,0,5.42,1.54,3.86,0.23,2.81,5.81,0.25,0.32,7.89,22.06,0,KCR,0,16.26,0,0,88,282,22.06,2.48,3.52,42.45,1.4,0.0903,0.1201,0.079,0.0113,8.1,,36592
4266813,J.P. France,8700,LAA,P,HOU,92830,181805,0,0,0,0,0,0,0,0,0,5.17,2.14,5.16,0.25,2.31,5.61,0.35,0.35,9.57,26.97,0,HOU,0,15.51,0,0,89,283,26.97,3.1,4.3,51.9,7.21,0.0793,0.0702,0.0762,0.0031,7.6,,4266813
36242,Paul Blackburn,7800,MIA,P,OAK,92826,80859,0,0,0,0,0,0,0,0,0,4.92,1.19,3.27,0.16,2.31,5.25,0.19,0.23,6.89,19.53,0,MIA,0,14.76,0,0,81,285,19.53,2.5,8.59,31.95,1,0.0163,0.0372,0.012,0.0043,3.3,,36242
36232,Ben Lively,9000,MIL,P,CIN,92824,60646,0,0,0,0,0,0,0,0,0,5.42,1.64,5.67,0.25,2.92,4.65,0.27,0.33,9.66,27.34,0,CIN,0,16.26,0,0,91,286,27.34,3.04,4.36,52.61,5.21,0.0173,0.0089,0.0597,-0.0424,1,,36232
1452000,Triston McKenzie,9400,MIN,P,CLE,92828,79118,0,0,0,0,0,0,0,0,0,4,1.16,4.24,0.13,1.7,2.92,0.19,0.15,7.24,20.99,0,MIN,0,12,0,0,64,287,20.99,2.23,-0.84,44.08,0.9,0.0195,0.047,0.0273,-0.0078,2.4,,1452000
814189,Yusei Kikuchi,8400,NYM,P,TOR,92825,102001,0,0,0,0,0,0,0,0,0,4.92,1.78,4.16,0.2,2.28,4.78,0.29,0.23,7.9,22.55,0,NYM,0,14.76,0,0,87,288,22.55,2.68,3.59,40.41,0.4,0.0656,0.0432,0.0373,0.0283,8.6,,814189
37550,Sandy Alcantara,9700,OAK,P,MIA,92826,79245,0,0,0,0,0,0,0,0,0,6.35,2.01,7.45,0.32,2.02,5.34,0.33,0.51,13.94,39.29,0,MIA,0,19.05,0,0,96,290,39.29,4.05,17.29,64.28,21.83,0.0583,0.0772,0.0705,-0.0122,5.2,,37550
35715,Trevor Williams,7700,PHI,P,WAS,92823,68483,0,0,0,0,0,0,0,0,0,5.15,1.64,4.25,0.21,2.73,5.86,0.27,0.27,7.88,22.31,0,WAS,0,15.45,0,0,90,291,22.31,2.9,0.13,40.41,0.23,0.0394,0.0398,0.0298,0.0096,6.2,,35715
11440,Nathan Eovaldi,10800,SEA,P,TEX,92831,13233,0,0,0,0,0,0,0,0,0,6.02,1.4,6.62,0.3,2.35,5.53,0.23,0.46,12.25,34.49,0,TEX,0,18.06,0,0,99,293,34.49,3.19,11.38,54.6,9.74,0.0212,0.005,0.0288,-0.0076,2.9,,11440
2044741,Tanner Houck,7600,TBR,P,BOS,92822,82540,0,0,0,0,0,0,0,0,0,4.87,1.86,5.57,0.2,2.47,4.64,0.3,0.2,8.97,25.93,0,BOS,0,14.61,0,0,81,297,25.93,3.41,3.97,51.04,1.65,0.0272,0.0206,0.0179,0.0093,5.7,,2044741
4686360,Bryce Miller,9500,TEX,P,SEA,92831,165689,0,0,0,0,0,0,0,0,0,5.54,1.22,4.53,0.23,2.5,4.17,0.2,0.38,9.17,25.62,0,TEX,0,16.62,0,0,88,298,25.62,2.7,4.08,49.3,4.01,0.0231,0.0288,0.0142,0.0089,4.8,,4686360
4552262,Kodai Senga,9600,TOR,P,NYM,92825,182153,0,0,0,0,0,0,0,0,0,5.07,2.88,6.66,0.25,2.17,4.36,0.47,0.36,11.15,31.62,0,NYM,0,15.21,0,0,96,299,31.62,3.29,7.79,58.88,8.79,0.0492,0.0306,0.0447,0.0045,6.7,,4552262
38029,Ranger Suarez,6700,WAS,P,PHI,92823,83157,0,0,0,0,0,0,0,0,0,5.52,1.44,4.13,0.28,2.27,5.71,0.23,0.43,9.23,25.54,0,WAS,0,16.56,0,0,94,300,25.54,3.81,3.7,48.53,5.77,0.1359,0.1164,0.0948,0.0411,9,,38029
